"Group","Tradition","Family"
"Abhayagiri Buddhist Monastery","Buddhism","Buddhism"
"Adidam","Other","Other Groups"
"Advaita Fellowship","Hinduism","Hinduism"
"Advent Christian Association","Evangelical Protestant","Adventist"
"Advent Christian Church","Evangelical Protestant","Adventist"
"African Methodist Episcopal Church","Black Protestant","Methodist"
"African Methodist Episcopal Zion Church","Black Protestant","Methodist"
"African Orthodox Church","Mainline Protestant","Anglican/Episcopal"
"African Union First Colored Methodist Protestant Church","","Methodist"
"Agape Christian Fellowship","Evangelical Protestant","Mennonite/Amish"
"Agon-shu","Buddhism","Buddhism"
"Agudas Chassidism Chabad","Judaism","Judaism"
"Ahmadiyya Anjuman Ishaat Islam, Lahore, Inc.","","Islam"
"Ahmadiyyas","Islam","Islam"
"Ajapa Yoga Foundation","Other","Other Groups"
"Alaska Moravian Church","","Methodist"
"Albanian Orthodox Archdiocese of the Orthodox Church in America","Orthodox","Eastern Liturgical (Orthodox)"
"Albanian Orthodox Diocese of America","Orthodox","Eastern Liturgical (Orthodox)"
"Allegheny Wesleyan Methodist Connection (Original Allegheny Conference)","Evangelical Protestant","Methodist"
"Alliance of Baptists","Mainline Protestant","Baptist"
"All World Gayatri Pariwar","Other","Other Groups"
"Alpha and Omega Pentecostal Church of God of America, Inc.","Black Protestant","Pentecostal"
"Amana Church Society","Evangelical Protestant","Communal"
"Ambassadors Amish Mennonite","Evangelical Protestant","Mennonite/Amish"
"American Anglican Church","Mainline Protestant",""
"American Association of Lutheran Churches","Evangelical Protestant","Lutheran"
"American Baptist Association","Evangelical Protestant","Baptist"
"American Baptist Churches in the U.S.A.","Mainline Protestant","Baptist"
"American Baptist Convention","","Baptist"
"American Baptist Mississippi Convention","","Baptist"
"American Buddhist Shim Gum Do Association","Buddhism","Buddhism"
"American Burma Buddhist Association","Buddhism","Buddhism"
"American Carpatho-Russian Orthodox Diocese of the USA","Orthodox","Eastern Liturgical (Orthodox)"
"American Catholic Church (Syro-Antiochean)","Catholic","Catholic Liturgical"
"American Episcopal Church","","Anglican/Episcopal"
"American Ethical Union","Other","Liberal"
"American Evangelical Christian Churches","","Independent Fundamentalist"
"American Evangelical Lutheran Church","","Lutheran"
"American Holy Orthodox Catholic Apostolic Eastern Church","Catholic","Catholic Liturgical"
"American Lutheran Church (1930-1960)","","Lutheran"
"American Lutheran Church (1960-1987)","","Lutheran"
"American Lutheran Conference","","Lutheran"
"American Meditation Society","Other","Other Groups"
"American Mohammedian Society","Islam","Islam"
"American Moslem Brotherhood Association","Islam","Islam"
"American Muslim Mission","Islam","Islam"
"American Presbyterian Church","Evangelical Protestant","Presbyterian/Reformed"
"American Rescue Workers","","Holiness"
"American Sevashram Sangha of NA","Other","Other Groups"
"American Sikh Council","Other","Other Groups"
"American Unitarian Association","","Liberal"
"American Yoga Association","Other","Other Groups"
"American Zen College","Buddhism","Buddhism"
"Amish Groups, undifferentiated","Evangelical Protestant","Mennonite/Amish"
"Amish; Other Groups","Evangelical Protestant","Mennonite/Amish"
"Amitabha Buddhist Societies of USA","Buddhism","Buddhism"
"Amrita Foundation","Hinduism","Hinduism"
"Amritanandamayi, Devotees of Mata","Other","Other Groups"
"Amrit Yoga Institute","Other","Other Groups"
"Anabaptist Disciples of Christ","Evangelical Protestant","Mennonite/Amish"
"Ananda/Ananda Church of Self Realization","Hinduism","Hinduism"
"Ananda Ashram","Other","Other Groups"
"Ananda Ashrama","Other","Other Groups"
"Ananda Marga Yoga Society","Other","Other Groups"
"Anglican Catholic Church","Other Christians","Anglican/Episcopal"
"Anglican Church in America","Mainline Protestant","Anglican/Episcopal"
"Anglican Church in North America","Evangelical Protestant","Anglican/Episcopal"
"Anglican Mission in the Americas","","Anglican/Episcopal"
"Anglican Orthodox Church of North America","","Anglican/Episcopal"
"Anglican Province of America","Mainline Protestant",""
"Anglican Province of Christ the King","Mainline Protestant","Anglican/Episcopal"
"Anoopam Mission","Hinduism","Hinduism"
"Antiochian Orthodox Archdiocese of Toledo, and Dependencies in North America","Orthodox","Eastern Liturgical (Orthodox)"
"Antiochian Orthodox Christian Archdiocese of North America","Orthodox","Eastern Liturgical (Orthodox)"
"Apostolic Catholic Orthodox Church","Catholic","Catholic Liturgical"
"Apostolic Christian Church (Nazarene)","Evangelical Protestant","Other Groups"
"Apostolic Christian Church (Nazarene) - East Conference","Evangelical Protestant","Froehlich Churches"
"Apostolic Christian Church (Nazarene) - West Conference","Evangelical Protestant","Froehlich Churches"
"Apostolic Christian Church of America","Evangelical Protestant","Froehlich Churches"
"Apostolic Christian Faith","Evangelical Protestant","Froehlich Churches"
"Apostolic Churches of Jesus Christ","","Pentecostal"
"Apostolic Church of Christ in God","Black Protestant","Pentecostal"
"Apostolic Church of Jesus Christ","","Pentecostal"
"Apostolic Episcopal Church","","Anglican/Episcopal"
"Apostolic Faith (Kansas)","Evangelical Protestant","Pentecostal"
"Apostolic Faith Mission Church of God","","Pentecostal"
"Apostolic Faith Mission of Portland, Oregon","Evangelical Protestant","Pentecostal"
"Apostolic Lutheran Church of America","Evangelical Protestant","Lutheran"
"Apostolic Orthodox Catholic Church of North America","Catholic","Catholic Liturgical"
"Apostolic Overcoming Holy Church of God","","Pentecostal"
"Apostolic United Brethren","Other","Latter-day Saints (Mormonism)"
"Appalachian Mennonite Church","Evangelical Protestant","Mennonite/Amish"
"Armenian Apostolic Church (Catholicosate of Cilicia)","Orthodox","Eastern Liturgical (Orthodox)"
"Armenian Apostolic Church (Catholicosate of Etchmiadzin)","Orthodox","Eastern Liturgical (Orthodox)"
"Armenian Evangelical Union of North America","Evangelical Protestant","Presbyterian/Reformed"
"Aro Gar","Buddhism","Buddhism"
"Arunachala Ashrama","Other","Other Groups"
"Asian Classics Institute","Buddhism","Buddhism"
"Assemblies of God, General Council of the","Evangelical Protestant","Pentecostal"
"Assemblies of God International Fellowship","Evangelical Protestant","Pentecostal"
"Assemblies of the Lord Jesus Christ","Evangelical Protestant","Pentecostal"
"Assemblies of Yahweh (Bethel, PA)","","Adventist"
"Assembly of Yahweh","","Adventist"
"Associated Churches of Christ (Holiness)","Black Protestant","Holiness"
"Associate Presbyterian Church","","Presbyterian/Reformed"
"Associate Reformed Presbyterian Church","","Presbyterian/Reformed"
"Associate Reformed Presbyterian Church (General Synod)","Evangelical Protestant","Presbyterian/Reformed"
"Association of Evangelical Lutheran Churches","","Lutheran"
"Association of Free Lutheran Congregations","Evangelical Protestant","Lutheran"
"Association of Fundamental Ministers and Churches","","Holiness"
"Association of Independent Evangelical Lutheran Churches","","Lutheran"
"Association of Messianic Congregations","Other Christians","Other Groups"
"Association of Pentecostal Churches in America","","Holiness"
"Association of Reformed Baptist Churches of America","Evangelical Protestant","Baptist"
"Association of Vineyard Churches","Evangelical Protestant","Pentecostal"
"Association Zen Internationale (AZI)","Buddhism","Buddhism"
"Atlanta Soto Zen Center (ASZC)","Buddhism","Buddhism"
"Aurobindo Centers","Other","Other Groups"
"Autonomous Orthodox Metropolia of North and South America and the British Isles","Orthodox","Eastern Liturgical (Orthodox)"
"Avadhuta Foundation","Hinduism","Hinduism"
"Avatamsaka Buddhist Lotus Society","Buddhism","Buddhism"
"Awakened Life/Open Source","Buddhism","Buddhism"
"Babaji's Kriya Yoga","Hinduism","Hinduism"
"Baha'i Faith","Other","Other Groups"
"Baptist Bible Fellowship International","","Baptist"
"Baptist General Conference","","Baptist"
"Baptist Missionary Association of America","Evangelical Protestant","Baptist"
"Baptist Missionary Convention (Triennial Convention)","","Baptist"
"Barren River Missionary Baptists","Evangelical Protestant","Baptist"
"Beachy Amish Mennonite Churches","Evangelical Protestant","Mennonite/Amish"
"Belarusian Autocephalous Orthodox Church","Orthodox","Eastern Liturgical (Orthodox)"
"Believers in Christ","Evangelical Protestant","Mennonite/Amish"
"Berea Amish Mennonite","Evangelical Protestant","Mennonite/Amish"
"Berean Fellowship of Churches","Evangelical Protestant","Independent Fundamentalist"
"Berkeley Zen Center","Buddhism","Buddhism"
"Bethel Baptist Assembly, Inc.","","Baptist"
"Bethel Fellowship Mennonite Churches","Evangelical Protestant","Mennonite/Amish"
"Bethel Ministerial Association","Evangelical Protestant","Pentecostal"
"Bible Church of Christ","","Pentecostal"
"Bible Church of Christ, Inc.","Evangelical Protestant","Pentecostal"
"Bible Fellowship Church","Evangelical Protestant","Holiness"
"Bible Holiness Church","Evangelical Protestant","Holiness"
"Bible Methodist Connection of Churches","Evangelical Protestant","Holiness"
"Bible Missionary Church","","Holiness"
"Bible Presbyterian Church","","Presbyterian/Reformed"
"Bible Presbyterian Church (General Synod)","Evangelical Protestant","Presbyterian/Reformed"
"Bible Protestant Church","Evangelical Protestant","Methodist"
"Bible Standard Conference","Evangelical Protestant","Pentecostal"
"Bible Way Church of Our Lord Jesus Christ World Wide, Inc.","Evangelical Protestant","Pentecostal"
"Biblical Mennonite Alliance","Evangelical Protestant","Mennonite/Amish"
"Big Mind Zen Center","Other","Other Groups"
"Black Baptists Estimate","Black Protestant","Baptist"
"Blue Mountain Center of Meditation","Other","Other Groups"
"Bochasanwasi Shri Akshar Purushottam Swaminarayan Sanstha (BAPS)","Hinduism","Hinduism"
"Bodhicharya North America","Buddhism","Buddhism"
"BodhiPath","Buddhism","Buddhism"
"Bohemian and Moravian Brethren Church","","Methodist"
"Bön Shen Foundation","Other","Other Groups"
"Boundless Way Zen","Buddhism","Buddhism"
"Brahma Kumaris World Spiritual Organization","Other","Other Groups"
"Brethren Church (Ashland, Ohio)","Evangelical Protestant","Friends/Brethren"
"Brethren in Christ Church","Evangelical Protestant","Friends/Brethren"
"Bruderhof","Evangelical Protestant","Communal"
"Buddha Heart","Other","Other Groups"
"Buddha’s Universal Church","Buddhism","Buddhism"
"Buddhism, Mahayana","Buddhism","Buddhism"
"Buddhism, Theravada","Buddhism","Buddhism"
"Buddhism, Vajrayana","Buddhism","Buddhism"
"Buddhist Association of Colorado","Buddhism","Buddhism"
"Buddhist Association of the United States","Buddhism","Buddhism"
"Buddhist Churches of America","Buddhism","Buddhism"
"Buddhist Compassion Relief Tzu Chi Association","Buddhism","Buddhism"
"Buddhist Mission of North America","Buddhism","Buddhism"
"Buddhists","Buddhism","Buddhism"
"Buddhist Society for Compassionate Wisdom","Buddhism","Buddhism"
"Buddhist Society of America","Buddhism","Buddhism"
"Buffalo Synod","","Lutheran"
"Bulgarian Diocese of the Orthodox Church in America","Orthodox","Eastern Liturgical (Orthodox)"
"Bulgarian Eastern Orthodox Diocese of the USA, Canada, and Australia","Orthodox","Eastern Liturgical (Orthodox)"
"Burmese (Myanmar) Buddhism","Buddhism","Buddhism"
"Calvary Chapel","Evangelical Protestant","Pentecostal"
"Calvary Pentecostal Church, Inc","","Pentecostal"
"Cambodian Buddhism","Buddhism","Buddhism"
"Cambridge Buddhist Association","Buddhism","Buddhism"
"Canadian and American Reformed Churches","Evangelical Protestant","Presbyterian/Reformed"
"Catholic Apostolic Church","Other","Other Groups"
"Catholic Apostolic Church in North America","Mainline Protestant",""
"Catholic Church","Catholic","Catholic Liturgical"
"Center for American Buddhist Practice","Buddhism","Buddhism"
"Center for Buddhist Development","Buddhism","Buddhism"
"Center for Cultural Judaism","Judaism","Judaism"
"Center for Dzoghen Studies","Buddhism","Buddhism"
"Center for Spiritual Awareness (CSA)","Other","Other Groups"
"Center for Timeless Wisdom","Buddhism","Buddhism"
"Central Baptist Association Ministries","Evangelical Protestant","Baptist"
"Central Yearly Meeting of Friends","Evangelical Protestant","Friends/Brethren"
"Chabad Judaism","Judaism",""
"Chagdud Gonpa Foundation","Buddhism","Buddhism"
"Chan Nhu Buddhist Pagoda","Buddhism","Buddhism"
"Charis Fellowship","Mainline Protestant","Friends/Brethren"
"Chicago Rimé Center","Buddhism","Buddhism"
"Chinese Buddhist Association of Hawaii-Hsu Yun Temple","Buddhism","Buddhism"
"Chinmaya Mission West","Hinduism","Hinduism"
"Chishti Sufi Order","Islam","Islam"
"Chokling Tersar Foundation USA (CTF)","Buddhism","Buddhism"
"Chozen-ji Kyudo","Buddhism","Buddhism"
"Christadelphians","Other Christians","Other Groups"
"Christ Catholic Church","Evangelical Protestant","Catholic Liturgical"
"Christ Catholic Exarchate of Americas and Eastern Hemisphere","Catholic","Catholic Liturgical"
"Christ Community Church of Zion","Other","Other Groups"
"Christian and Missionary Alliance","Evangelical Protestant","Holiness"
"Christian Apostolic Church","Evangelical Protestant","Froehlich Churches"
"Christian Brethren (Plymouth Brethren)","Evangelical Protestant","Independent Fundamentalist"
"Christian Catholic Church","Other","Other Groups"
"Christian Church","","Congregationalists (United Church of Christ)"
"Christian Church (Disciples of Christ)","Mainline Protestant","Restorationists"
"Christian Churches and Churches of Christ","Evangelical Protestant","Restorationists"
"Christian Communities","Evangelical Protestant",""
"Christian Congregation, Inc., The","","Baptist"
"Christian Congregation in North America","Evangelical Protestant","Pentecostal"
"Christian Connection/Christian Church","","Restorationists"
"Christian Methodist Episcopal Church","Black Protestant","Methodist"
"Christian Nation Church U.S.A.","","Holiness"
"Christian Reformed Church in North America","Evangelical Protestant","Presbyterian/Reformed"
"Christian Reformed Church (Korean)","Evangelical Protestant","Presbyterian/Reformed"
"Christian Union","Evangelical Protestant","Other Groups"
"Christian Unity Baptist Association","","Baptist"
"Christ's Sanctified Holy Church","Evangelical Protestant","Holiness"
"Christ Unity Spiritual Science Church","Other","Other Groups"
"Chung Tai","Buddhism","Buddhism"
"Churches of Christ","Evangelical Protestant","Restorationists"
"Churches of Christ in Christian Union","Evangelical Protestant","Holiness"
"Churches of God, General Conference","Evangelical Protestant","Presbyterian/Reformed"
"Churches of God (Greenville, S.C.)","Other","Other Groups"
"Churches of God, Holiness","","Holiness"
"Churches of the Cross","","Presbyterian/Reformed"
"Church of Christ","Evangelical Protestant",""
"Church of Christ (Fetting/Bronson)","Other","Latter-day Saints (Mormonism)"
"Church of Christ (Holiness) U.S.A","Evangelical Protestant","Holiness"
"Church of Christ, Scientist","Other Christians","Christian Science"
"Church of Christ (Temple Lot)","","Latter-day Saints (Mormonism)"
"Church of Christ ""with the Elijah Message,"" Established Anew in 1929","Other","Latter-day Saints (Mormonism)"
"Church of Daniel's Band","","Methodist"
"Church of God (7th Day, Salem, West Virginia)","","Adventist"
"Church of God (Anderson, Indiana)","Evangelical Protestant","Holiness"
"Church of God and Saints of Christ","Other Christians","Judaism"
"Church of God Apostolic, Inc.","Evangelical Protestant","Pentecostal"
"Church of God as Organized by Christ","Other","Other Groups"
"Church of God by Faith, Inc.","Evangelical Protestant","Pentecostal"
"Church of God (Cleveland, Tennessee)","Evangelical Protestant","Pentecostal"
"Church of God, General Assembly","Other","Other Groups"
"Church of God General Conference (Abrahamic Faith, McDonough, GA)","Evangelical Protestant","Adventist"
"Church of God in Christ","Black Protestant","Pentecostal"
"Church of God in Christ, Congregational","Black Protestant","Pentecostal"
"Church of God in Christ, International","Black Protestant","Pentecostal"
"Church of God in Christ Jesus, Apostolic, Inc.","","Pentecostal"
"Church of God in Christ, Mennonite","Evangelical Protestant","Mennonite/Amish"
"Church of God in Christ United","Black Protestant","Pentecostal"
"Church of God (Jerusalem Acres)","Evangelical Protestant","Pentecostal"
"Church of God, Mountain Assembly, Inc.","Evangelical Protestant","Pentecostal"
"Church of God (New Dunkers)","","Friends/Brethren"
"Church of God of Prophecy","Evangelical Protestant","Pentecostal"
"Church of God of the Apostolic Faith, Inc.","Evangelical Protestant","Pentecostal"
"Church of God of the Firstborn","Evangelical Protestant",""
"Church of God, Reformation Movement","Evangelical Protestant","Holiness"
"Church of God (Which He Purchased With His Own Blood)","","Holiness"
"Church of Illumination","Other","Other Groups"
"Church of Jesus Christ (Bickertonite)","Latter-day Saints","Latter-day Saints (Mormonism)"
"Church of Jesus Christ (Cutlerite)","","Latter-day Saints (Mormonism)"
"Church of Jesus Christ of Latter-day Saints","Latter-day Saints","Latter-day Saints (Mormonism)"
"Church of Jesus Christ of Latter-day Saints (Strangite)","","Latter-day Saints (Mormonism)"
"Church of our Lord Jesus Christ of the Apostolic Faith, Inc.","Black Protestant","Pentecostal"
"Church of Revelation","Other","Other Groups"
"Church of the Brethren","Evangelical Protestant","Friends/Brethren"
"Church of the Genuine Orthodox Christians of America","Orthodox","Eastern Liturgical (Orthodox)"
"Church of the Gospel","","Holiness"
"Church of the Living God (Christian Workers for Fellowship)","Black Protestant","Pentecostal"
"Church of the Living God, the Pillar and Ground of the Truth, Inc. [Lewis Dominion]","Black Protestant","Pentecostal"
"Church of the Living God, the Pillar and Ground of Truth Which He Purchased With His Own Blood, Inc. [McLeod/Jewell Dominion]","","Pentecostal"
"Church of the Lord Jesus Christ of the Apostolic Faith (Philadelphia)","","Pentecostal"
"Church of the Lutheran Brethren of America","Evangelical Protestant","Lutheran"
"Church of the Lutheran Confession","Evangelical Protestant","Lutheran"
"Church of the Nazarene","Evangelical Protestant","Holiness"
"Church of the United Brethren in Christ, USA","Evangelical Protestant","Methodist"
"Clear Water Zendo","Buddhism","Buddhism"
"Colored Methodist Episcopal Church","","Methodist"
"Colored Methodist Protestant Church","","Methodist"
"Communion of Reformed Evangelical Churches","Evangelical Protestant","Presbyterian/Reformed"
"Community of Christ","Evangelical Protestant","Latter-day Saints (Mormonism)"
"Compassion Fellowship","Buddhism","Buddhism"
"Concordia Lutheran Conference","Evangelical Protestant",""
"Conference of United Mennonite Brethren of North America","Evangelical Protestant","Mennonite/Amish"
"Congregational Christian Churches","","Congregationalists (United Church of Christ)"
"Congregational Christian Churches, Additional (not part of any national CCC body)","Mainline Protestant","Presbyterian/Reformed"
"Congregational Holiness Church","Evangelical Protestant","Pentecostal"
"Congregationalist Churches","","Congregationalists (United Church of Christ)"
"Congregational Methodist Church","Evangelical Protestant","Methodist"
"Congress of Arya Samajs in North America","Other","Other Groups"
"Congress of Secular Jewish Organizations","Judaism","Judaism"
"Conservative Amish Mennonite Conference","","Mennonite/Amish"
"Conservative Baptist Association of America (CBAmerica)","Evangelical Protestant","Baptist"
"Conservative Congregational Christian Conference","Evangelical Protestant","Presbyterian/Reformed"
"Conservative Judaism","Judaism","Judaism"
"Conservative Lutheran Association","Evangelical Protestant","Lutheran"
"Conservative Mennonite Churches of York and Adams Counties PA","Evangelical Protestant","Mennonite/Amish"
"Conservative Mennonite Conference","Evangelical Protestant","Mennonite/Amish"
"Conservative Yearly Meetings of Friends","Evangelical Protestant","Friends/Brethren"
"Convention of Original Free Will Baptists","Evangelical Protestant","Baptist"
"Converge Worldwide","Evangelical Protestant","Baptist"
"Cooperative General Association of Free Will Baptists","","Baptist"
"Coptic Orthodox Church","Orthodox","Eastern Liturgical (Orthodox)"
"Covenant Presbyterian Church","Evangelical Protestant",""
"Covenant Reformed Presbyterian Church","Evangelical Protestant","Presbyterian/Reformed"
"Cross and the Lotus","Other","Other Groups"
"Cumberland Presbyterian Church","Evangelical Protestant","Presbyterian/Reformed"
"Cumberland Presbyterian Church in America","Black Protestant","Presbyterian/Reformed"
"Cumberland Valley Mennonite Church","Evangelical Protestant","Mennonite/Amish"
"Dagom Gaden Tensung Ling Buddhist Monastery","Buddhism","Buddhism"
"Danish Evangelical Lutheran Church","","Lutheran"
"Dariusleut Hutterite","Evangelical Protestant","Communal"
"Datta Yoga Center USA","Other","Other Groups"
"Dawn Bible Students Association","","Adventist"
"Dechen (UK)","Buddhism","Buddhism"
"Defenseless Mennonite Brethren of Christ in North America","Evangelical Protestant","Mennonite/Amish"
"Defenseless Mennonite Church","Evangelical Protestant","Mennonite/Amish"
"Devi Mandir","Other","Other Groups"
"Dhamma Dena Monastery and Desert Vipassana Community","Buddhism","Buddhism"
"Dharma Drum Mountain Buddhist Association","Buddhism","Buddhism"
"Dharma Friendship Foundation","Buddhism","Buddhism"
"Dharma Rain Zen Center","Buddhism","Buddhism"
"Dharma Realm Buddhist Association","Buddhism","Buddhism"
"Dharma Sangha","Buddhism","Buddhism"
"Dharmata Foundation","Buddhism","Buddhism"
"Dhongak Tharling Dharma Center","Buddhism","Buddhism"
"Dhyanyoga Centers","Other","Other Groups"
"Diamond Sangha","Buddhism","Buddhism"
"Diamond Way Buddhism","Buddhism","Buddhism"
"Diocese of the Holy Cross","Mainline Protestant",""
"Divine Life Society","Other","Other Groups"
"Divine Science","","Christian Science"
"Divya Jyoti Jagrati Sansthan","Other","Other Groups"
"Dorje Ling","Buddhism","Buddhism"
"Dragon Flower Zen Meditation","Buddhism","Buddhism"
"Drikung Kagyu Order","Buddhism","Buddhism"
"Duck River (and Kindred) Association of Baptists","Evangelical Protestant","Baptist"
"Dunkard Brethren Church","Evangelical Protestant","Friends/Brethren"
"Dzogchen Foundation","Buddhism","Buddhism"
"Dzogchen Shri Singha International","Buddhism","Buddhism"
"Eastern Pennsylvania Mennonite Church","Evangelical Protestant","Mennonite/Amish"
"Eastern States Buddhist Association of America","Buddhism","Buddhism"
"ECO: A Covenant Order of Evangelical Presbyterians","Evangelical Protestant","Presbyterian/Reformed"
"Ecumenical Catholic Church","Other Christians","Other Groups"
"Ecumenical Catholic Communion","Other Christians",""
"Ecumenical Orthodox Catholic Church in America","Orthodox","Eastern Liturgical (Orthodox)"
"Eielsen Synod","","Lutheran"
"Elim Fellowship","Evangelical Protestant","Pentecostal"
"Elk River Association","","Baptist"
"Emmanuel Holiness Church","","Pentecostal"
"Emmanuel's Church in Jesus Christ","","Pentecostal"
"EnlightenNext","Other","Other Groups"
"Enterprise Baptists Association","Evangelical Protestant","Baptist"
"Episcopal Church","Mainline Protestant","Anglican/Episcopal"
"Episcopal Missionary Church","Mainline Protestant",""
"Eritrean Orthodox Church","Orthodox","Eastern Liturgical (Orthodox)"
"Estonian Evangelical Lutheran Church","Mainline Protestant","Lutheran"
"Ethiopian Orthodox Church","Orthodox","Eastern Liturgical (Orthodox)"
"E-Vam Institute","Buddhism","Buddhism"
"Evangelical Adventists","","Adventist"
"Evangelical and Reformed Church","","Congregationalists (United Church of Christ)"
"Evangelical Association of Reformed and Congregational Christian Churches","Evangelical Protestant","Presbyterian/Reformed"
"Evangelical Church","","Methodist"
"Evangelical Church Alliance","","Independent Fundamentalist"
"Evangelical Church of North America","Evangelical Protestant","Holiness"
"Evangelical Congregational Church","Evangelical Protestant","Methodist"
"Evangelical Covenant Church","Evangelical Protestant","Methodist"
"Evangelical Free Church of America","Evangelical Protestant","Methodist"
"Evangelical Friends Alliance","","Friends/Brethren"
"Evangelical Friends Church, Eastern Region","Evangelical Protestant","Friends/Brethren"
"Evangelical Friends Church International","Evangelical Protestant","Friends/Brethren"
"Evangelical Friends Church - Mid-America Yearly Meeting","","Friends/Brethren"
"Evangelical Friends International","","Friends/Brethren"
"Evangelical Lutheran Church","","Lutheran"
"Evangelical Lutheran Church in America","Mainline Protestant","Lutheran"
"Evangelical Lutheran Conference and Ministerium of North America","Evangelical Protestant",""
"Evangelical Lutheran Diocese of North America","Evangelical Protestant",""
"Evangelical Lutheran Synod","Evangelical Protestant","Lutheran"
"Evangelical Mennonite Brethren Conference","Evangelical Protestant","Mennonite/Amish"
"Evangelical Mennonite Church","Evangelical Protestant","Mennonite/Amish"
"Evangelical Methodist Church","Evangelical Protestant","Methodist"
"Evangelical Presbyterian Church (1956)","","Presbyterian/Reformed"
"Evangelical Presbyterian Church (1981)","Evangelical Protestant","Presbyterian/Reformed"
"Evangelical Protestant Church of North America","","Congregationalists (United Church of Christ)"
"Evangelical Synod of North America","","Congregationalists (United Church of Christ)"
"Evangelical United Brethren","","Methodist"
"Evangelical Wesleyan Church","","Holiness"
"Evangelical Wesleyan Church of North America","","Holiness"
"Evangelistic Church of God","","Pentecostal"
"Evangel Presbytery","Evangelical Protestant","Presbyterian/Reformed"
"Every Nation","Evangelical Protestant",""
"Falun Gong (Falun Dafa)","Buddhism","Buddhism"
"Federated Church","Other","Other Groups"
"Federation of Reformed Churches","Evangelical Protestant","Presbyterian/Reformed"
"Federation of Zoroastrian Associations of North America","Other","Other Groups"
"Fellowship of Christian Assemblies","Evangelical Protestant","Pentecostal"
"Fellowship of Evangelical Bible Churches","Evangelical Protestant","Mennonite/Amish"
"Fellowship of Evangelical Churches","Evangelical Protestant","Mennonite/Amish"
"Fellowship of Fundamental Bible Churches","Evangelical Protestant","Methodist"
"Fellowship of Grace Brethren Churches","Mainline Protestant","Friends/Brethren"
"Finnish Evangelical Lutheran Church (Suomi Synod)","","Lutheran"
"Fire-Baptized Holiness Assocation","","Pentecostal"
"Fire Baptized Holiness Church (Wesleyan)","Evangelical Protestant","Holiness"
"First Church of the Nazarene","","Holiness"
"First Colored Methodist Protestant Church","","Methodist"
"First Congregational Methodist Church of the U.S.A.","","Methodist"
"First Zen Institute of America","Buddhism","Buddhism"
"Fivefold Path Inc./Agnihortra Worldwide","Hinduism","Hinduism"
"Foundation for the Preservation of the Mahayana Tradition (FPMT)","Buddhism","Buddhism"
"Free Christian Zion Church of Christ","","Methodist"
"Free Church of God in Christ","","Pentecostal"
"Free Church of Scotland (Continuing)","Evangelical Protestant","Presbyterian/Reformed"
"Free Magyar Reformed Church in America","","Presbyterian/Reformed"
"Free Methodist Church – USA","Evangelical Protestant","Holiness"
"Free Presbyterian Church of North America","Evangelical Protestant","Presbyterian/Reformed"
"Free Presbyterian Church of Scotland","Evangelical Protestant",""
"Free Reformed Church of North America","Evangelical Protestant","Presbyterian/Reformed"
"Friends General Conference","Mainline Protestant","Friends/Brethren"
"Friends General Conference and Friends United Meeting, dually aligned meetings","Mainline Protestant","Friends/Brethren"
"Friends (Quakers)","Mainline Protestant","Friends/Brethren"
"Friends United Meeting","Mainline Protestant","Friends/Brethren"
"Full Gospel Assemblies International","Evangelical Protestant","Pentecostal"
"Full Gospel Baptist Church Fellowship International","Black Protestant","Baptist"
"Full Gospel Christian Assemblies International","Evangelical Protestant","Pentecostal"
"Full Gospel Church Association, Inc.","","Pentecostal"
"Full Gospel Fellowship of Churches and Ministers International","","Pentecostal"
"Fundamental Baptist Fellowship Association","Evangelical Protestant","Baptist"
"Fundamentalist Church of Jesus Christ of Latter-day Saints","Other","Latter-day Saints (Mormonism)"
"Fundamental Methodist Conference, Inc.","Evangelical Protestant","Methodist"
"Furnace Mountain Zen Retreat Center","Buddhism","Buddhism"
"Gaden for the West","Buddhism","Buddhism"
"Gangaji Foundation (Spiritual)","Other","Other Groups"
"Gedatsu Church of America","Other","Other Groups"
"General Assemblies of Apostolic Assemblies","","Pentecostal"
"General Assembly of Spiritualists","","Spiritualist"
"General Association of Davidian Seventh-Day Adventists","",""
"General Association of General Baptists","Evangelical Protestant","Baptist"
"General Association of Regular Baptist Churches","Evangelical Protestant","Baptist"
"General Association of Separatist Baptists","","Baptist"
"General Association of the Shepherd's Rod Seventh-day Adventists","","Adventist"
"General Church of the New Jerusalem","Other Christians","Spiritualist"
"General Conference Mennonite Church","Evangelical Protestant","Mennonite/Amish"
"General Conference of the Church of God (Seventh Day)","Evangelical Protestant","Adventist"
"General Conference of the Evangelical Baptist Church, Inc.","","Pentecostal"
"General Council","","Lutheran"
"General Six-Principle Baptists","Evangelical Protestant","Baptist"
"General Synod","","Lutheran"
"Georgian Orthodox Church in North America","Orthodox","Eastern Liturgical (Orthodox)"
"German Apostolic / Christian Apostolic Churches","Evangelical Protestant","Froehlich Churches"
"German Baptist Brethren","Evangelical Protestant","Friends/Brethren"
"(German) Reformed Church in the United States","","Congregationalists (United Church of Christ)"
"Girnar Sadhana Ashram","Other","Other Groups"
"Global Country of World Peace (TM Movement)","Other","Other Groups"
"Global Methodist Church","","Methodist"
"Global Organization for Divinity","Hinduism","Hinduism"
"Gospel Mission Corps","","Holiness"
"Gospel Spreading Church","Black Protestant","Holiness"
"Grace Communion International","Evangelical Protestant",""
"Grace Communion International","Evangelical Protestant","Adventist"
"Grace Gospel Fellowship","Evangelical Protestant","Independent Fundamentalist"
"Great Plains Zen Center","Buddhism","Buddhism"
"Great Western Vehicle","Buddhism","Buddhism"
"Greek Orthodox Archdiocese of America","Orthodox","Eastern Liturgical (Orthodox)"
"Greek Orthodox Archdiocese of Vasiloupolis","Orthodox","Eastern Liturgical (Orthodox)"
"Gunatit Jyot","Hinduism","Hinduism"
"Haidakhan Samaj","Hinduism","Hinduism"
"Hamsa Yoga Sangh","Hinduism","Hinduism"
"Hanmaum Zen Center","Buddhism","Buddhism"
"Hanmi Buddhism","Buddhism","Buddhism"
"Happy Science","Other","Other Groups"
"Haredi Judaism","Judaism","Judaism"
"Hariharananda Mission West","Hinduism","Hinduism"
"Hartford Street Zen Center","Buddhism","Buddhism"
"Hauge's Synod (Norwegian)","","Lutheran"
"Haven Mennonite Fellowship","Evangelical Protestant","Mennonite/Amish"
"Hawaii Chinese Buddhist Society","Buddhism","Buddhism"
"Hazy Moon Zen Center","Buddhism","Buddhism"
"Hephzibah Faith Missionary Association","Other","Other Groups"
"Heritage Reformed Churches","Evangelical Protestant","Presbyterian/Reformed"
"Hicksite Friends","","Friends/Brethren"
"Higashi Hongwanji Buddhist Church","Buddhism","Buddhism"
"Higashi Hongwongi","Buddhism","Buddhism"
"Higher Ground Always Abounding Assemblies","Evangelical Protestant",""
"Himalayan International Institute of Yoga Science and Philosophy","Other","Other Groups"
"Hinduism: Hindu Post Renaissance","Hinduism","Hinduism"
"Hinduism: Hindu Renaissance","Hinduism","Hinduism"
"Hinduism: Indian-American Hindu Temple Associations","Hinduism","Hinduism"
"Hinduism: Traditional Hindu Temples","Hinduism","Hinduism"
"Hindus","Hinduism","Hinduism"
"Hindu, Traditional Temples","Hinduism","Hinduism"
"Hindu Yoga and Meditation","Hinduism",""
"Hoa Hao Buddhism","Buddhism","Buddhism"
"Hohm Community/Hohm Sahaj Mandir","Other","Other Groups"
"Holiness Church of Christ","","Holiness"
"Holiness Church of God","Evangelical Protestant","Pentecostal"
"Holiness Methodist Church","","Holiness"
"Holy Apostolic Catholic Assyrian Church of the East","Orthodox","Eastern Liturgical (Orthodox)"
"Holy Catholic Church Anglican Rite","Mainline Protestant",""
"Holy Eastern Orthodox Catholic and Apostolic Church in North America","Orthodox","Eastern Liturgical (Orthodox)"
"Holy Greek Pan Orthodox Autocephalous Archdiocese of Canada and America with the Holy Ukrainian Autocephalous Orthodox Archdiocese in Exile (Blessings of Kiev)","Orthodox","Eastern Liturgical (Orthodox)"
"Holy Orthodox Church in America (Eastern Catholic and Apostolic)","Other","Other Groups"
"Holy Orthodox Church in North America","Orthodox","Eastern Liturgical (Orthodox)"
"Holy Ukrainian Autocephalic Orthodox Church in Exile","Orthodox","Eastern Liturgical (Orthodox)"
"Hongaku Jodo Compassionate Lotus","Buddhism","Buddhism"
"Honmon Butsuryu Shu","Buddhism","Buddhism"
"Honpa Hongwanji Mission of Hawaii","Buddhism","Buddhism"
"Honpa Hongwonji","Buddhism","Buddhism"
"Hoover Old Order Mennonite Church","Evangelical Protestant","Mennonite/Amish"
"Hope Mennonite Fellowship","Evangelical Protestant","Mennonite/Amish"
"House of God, Holy Church of the Living God, The Pillar and Ground of the Truth, House of Prayer for All People","Black Protestant",""
"House of God Which is the Church of the Living God, the Pillar and Ground of the Truth, Inc. [White Dominion]","","Pentecostal"
"House of God Which is the Church of the Living God, the Pillar and Ground of the Truth Without Controversy (Keith Dominion)","","Pentecostal"
"Humanistic/Secular Judaism","Judaism","Judaism"
"Hungarian Reformed Churches (Additional)","Mainline Protestant","Presbyterian/Reformed"
"Hungarian Reformed Church in America","","Presbyterian/Reformed"
"Hutterian Brethren","Evangelical Protestant","Communal"
"Hutterite Christian Communities","Evangelical Protestant","Communal"
"Icelandic Synod","","Lutheran"
"Il Bung Zen Society","Buddhism","Buddhism"
"Independent Baptist Church of America","","Baptist"
"Independent Baptist Fellowship International","Evangelical Protestant","Baptist"
"Independent, Charismatic Churches","Evangelical Protestant","Pentecostal"
"Independent Conservative Brethren","Evangelical Protestant","Friends/Brethren"
"Independent Free Will Baptists Associations","Evangelical Protestant","Baptist"
"Independent Fundamental Churches of America","Evangelical Protestant","Independent Fundamentalist"
"Independent Gayatri Temples/Centers","Other","Other Groups"
"Independent Judaism","Judaism",""
"Independent Lutheran Diocese","Evangelical Protestant",""
"Independent, Non-Charismatic Churches","Evangelical Protestant","Other Groups"
"Independent Yearly Meetings of Friends","Mainline Protestant","Friends/Brethren"
"Indian Bottom Association of Old Regular Baptists.","Evangelical Protestant","Baptist"
"Insight Meditation Society","Buddhism","Buddhism"
"Integral Yoga International","Hinduism","Hinduism"
"International Babaji Kriya Yoga Sangam","Hinduism","Hinduism"
"International Bible Students Association","","Adventist"
"International Buddhism Sangha Association","Buddhism","Buddhism"
"International Buddhist Meditation Center","Buddhism","Buddhism"
"International Buddhist Progress Society (Foguangshan)","Buddhism","Buddhism"
"International Churches of Christ","Evangelical Protestant","Baptist"
"International Church of the Foursquare Gospel","Evangelical Protestant","Pentecostal"
"International Communion of the Charismatic Episcopal Church","Evangelical Protestant","Anglican/Episcopal"
"International Council of Community Churches","Mainline Protestant","Presbyterian/Reformed"
"International Fellowship of Bible Churches","Evangelical Protestant","Holiness"
"International Fellowship of Christian Assemblies","Evangelical Protestant","Pentecostal"
"International General Assembly of Spiritualists","","Spiritualist"
"International Meditation Center - USA (Sayagyi U Ba Khin)","Buddhism","Buddhism"
"International Pentecostal Assemblies","Evangelical Protestant","Pentecostal"
"International Pentecostal Church of Christ","Evangelical Protestant","Pentecostal"
"International Pentecostal Holiness Church","Evangelical Protestant","Pentecostal"
"International Sai Organization (Sathya Sai Baba)","Other","Other Groups"
"International Sanatana Dharma Society","Other","Other Groups"
"International Society for Spiritual Advancement","Hinduism","Hinduism"
"International Society of Krishna Consciousness","Hinduism","Hinduism"
"International Sufi Movement","Islam","Islam"
"International Zen Institute of America and Europe (IZIA)","Buddhism","Buddhism"
"Interstate and Foreign Landmark Missionary Baptist Association of America","Evangelical Protestant","Baptist"
"Iowa Synod","","Lutheran"
"Isha Foundation","Other","Other Groups"
"Israelite House of David","","Adventist"
"Jagadguru Kripalu Parishat","Hinduism","Hinduism"
"Jain","Other","Other Groups"
"Jasper Baptist and Pleasant Valley Baptist Associations","Evangelical Protestant","Baptist"
"Jehovah Conference","","Lutheran"
"Jehovah's Witnesses","Jehovah's Witnesses","Adventist"
"Jewel Heart","Buddhism","Buddhism"
"Jewish Congregations","Judaism","Judaism"
"Jikoji Zen Center","Buddhism","Buddhism"
"Jodo Mission of Hawaii","Buddhism","Buddhism"
"Jodo Shu North America Buddhist Missions","Buddhism","Buddhism"
"Jogye Order of Korean Buddhism","Buddhism","Buddhism"
"Kagyu Droden Kunchab","Buddhism","Buddhism"
"Kagyu Karma Centres","Buddhism","Buddhism"
"Kalmuck Mongolian Buddhist Center / Tashi Lhunpo Temple","Buddhism","Buddhism"
"Kannon Do","Buddhism","Buddhism"
"Kanzeonji Non-Sectarian Buddhist Temple","Buddhism","Buddhism"
"Kanzeon Zen Center","Buddhism","Buddhism"
"Karma Triyana Dharmachakra (KTD)","Buddhism","Buddhism"
"Karuna Tendai Dharma Center","Other","Other Groups"
"Kashi Church Foundation","Other","Other Groups"
"Kentucky Christian Conference","Evangelical Protestant",""
"Keystone Mennonite Fellowship","Evangelical Protestant",""
"KFA/Krishnamurti Foundation of America","Other","Other Groups"
"Kodesh Church of Emmanuel","","Holiness"
"Koko-an-zendo","Buddhism","Buddhism"
"Korean American Buddhist Association of the Midwest","Other","Other Groups"
"Korean-American Presbyterian Church","Evangelical Protestant","Presbyterian/Reformed"
"Korean Presbyterian Church Abroad","Evangelical Protestant","Presbyterian/Reformed"
"Korean Presbyterian Church Abroad English Presbytery","Evangelical Protestant","Presbyterian/Reformed"
"Korean Presbyterian Church in America","Evangelical Protestant","Presbyterian/Reformed"
"Krimmer Mennonite Brethren Church","Evangelical Protestant","Mennonite/Amish"
"Kriya Yoga Ashrams","Other","Other Groups"
"Kriya Yoga International","Hinduism","Hinduism"
"Kuan Yin Temple","Buddhism","Buddhism"
"Kundalini Research Foundation","Other","Other Groups"
"Kunzang Palyul Choling (KPC)","Buddhism","Buddhism"
"Kwan Um School of Zen","Buddhism","Buddhism"
"Laestadian Lutheran Church","Evangelical Protestant",""
"Landmark Missionary Baptists, Independent Associations and Unaffiliated Churches","Evangelical Protestant","Baptist"
"Laotian Buddhism","Buddhism","Buddhism"
"Latvian Evangelical Lutheran Church in America","Mainline Protestant","Lutheran"
"Laxmi Narayan Dev Spiritual Organization","Hinduism","Hinduism"
"Ledeboerian Churches","","Presbyterian/Reformed"
"Lehrerleut Hutterite","Evangelical Protestant","Communal"
"Liberal Catholic Church (International)","Other","Other Groups"
"Liberal Catholic Church, Province of the United States of America","Other Christians","Other Groups"
"Liberation Methodist Connexion","","Methodist"
"Liberty Church Network","Evangelical Protestant","Baptist"
"Life and Advent Union","","Adventist"
"Ligmincha Institute","Other","Other Groups"
"Lithuanian National Catholic Church in America","Catholic","Catholic Liturgical"
"Little Flock Mennonite Churches","Evangelical Protestant","Mennonite/Amish"
"Living Church of God","","Adventist"
"Living Compassion","Buddhism","Buddhism"
"Living Dharma Centers","Other","Other Groups"
"Lost Found Nation of Islam","Islam","Islam"
"Louix Dor Dempriey Foundation","Other","Other Groups"
"Lumber River Conference of the Holiness Methodist Church","Evangelical Protestant","Holiness"
"Lutheran Church in America","","Lutheran"
"Lutheran Church-Missouri Synod (LCMS)","Evangelical Protestant","Lutheran"
"Lutheran Congregations in Mission for Christ","Evangelical Protestant","Lutheran"
"Lutheran Council in the U.S.A.","","Lutheran"
"Lutheran Free Church","","Lutheran"
"Lutheran Synodical Conference","","Lutheran"
"Macedonia Baptist Association","","Baptist"
"Macedonian Orthodox Church: American-Canadian Diocese","Orthodox","Eastern Liturgical (Orthodox)"
"MahaSiddha Dharma","Buddhism","Buddhism"
"Mahasiddha Nyingmapa Center","Buddhism","Buddhism"
"Mahayana Buddhist Temple Association","Buddhism","Buddhism"
"Mahayana Zengong Academic Society","Buddhism","Buddhism"
"Mahayog Foundation","Other","Other Groups"
"Malankara Archdiocese of the Syrian Orthodox Church in North America","Orthodox","Eastern Liturgical (Orthodox)"
"Malankara (Indian) Orthodox Syrian Church","Orthodox","Eastern Liturgical (Orthodox)"
"Malankara Mar Thoma Church","Other Christians","Other Groups"
"Maningar Shree Swaminarayan Gadi Sansthan","Hinduism","Hinduism"
"Maranatha Amish Mennonite","Evangelical Protestant","Mennonite/Amish"
"Mar Thoma Syrian Church of India","","Anglican/Episcopal"
"Mayan Temple","Other","Other Groups"
"Ma Yoga Shakti International Mission","Other","Other Groups"
"Meadow Springs Old Order Mennonite","Evangelical Protestant","Mennonite/Amish"
"Meeting in Truth with Isaac (Shapiro) and Meike","Other","Other Groups"
"Mennonite Brethren Churches, U.S. Conference of","Evangelical Protestant","Mennonite/Amish"
"Mennonite Brethren Church of North America (Bruedergemeinde)","Evangelical Protestant","Mennonite/Amish"
"Mennonite Brethren in Christ","","Holiness"
"Mennonite Christian Fellowship","Evangelical Protestant","Mennonite/Amish"
"Mennonite Church","Evangelical Protestant","Mennonite/Amish"
"Mennonite Church, USA","Evangelical Protestant","Mennonite/Amish"
"Mennonite; Other Groups","Evangelical Protestant","Mennonite/Amish"
"Mennonites, Central Conference","","Mennonite/Amish"
"Methodist Church (1939-1968)","","Methodist"
"Methodist Episcopal Church (1784-1844)","","Methodist"
"Methodist Episcopal Church, North","","Methodist"
"Methodist Episcopal Church, South","","Methodist"
"Methodist Protestant Church","","Methodist"
"Metropolitan Church Association","","Holiness"
"Mevlevi Sufi Order","Islam","Islam"
"Mid-America Buddhist Association","Buddhism","Buddhism"
"Mid America Dharma Group","Other","Other Groups"
"Mid-Atlantic Mennonite Fellowship","Evangelical Protestant","Mennonite/Amish"
"Middlebar Monastery","Buddhism","Buddhism"
"Midwest Beachy Amish Mennonite","Evangelical Protestant","Mennonite/Amish"
"Midwest Congregational Christian Fellowship","Evangelical Protestant","Presbyterian/Reformed"
"Midwest Holiness Association","","Holiness"
"Midwest Mennonite Fellowship","Evangelical Protestant","Mennonite/Amish"
"Mindrolling International","Buddhism","Buddhism"
"Minnesota Zen Meditation Center","Buddhism","Buddhism"
"Missionary Bands of the World","","Methodist"
"Missionary Church Association","","Holiness"
"Missionary Church, The","Evangelical Protestant","Holiness"
"Missionary Methodist Church of America","Evangelical Protestant","Holiness"
"Modern Seers, Inc.","Other","Other Groups"
"Mondo Zen","Buddhism","Buddhism"
"Mook Rim Buddhist Society International","Buddhism","Buddhism"
"Moorish Science Temple of America","Islam","Islam"
"Moravian Church in America (Unitas Fratrum), Alaska Province","Mainline Protestant",""
"Moravian Church in America (Unitas Fratrum), Northern Province","Mainline Protestant",""
"Moravian Church in America (Unitas Fratrum), Southern Province","Mainline Protestant",""
"Morgan Bay Zendo","Buddhism","Buddhism"
"Morning Star Zendo","Buddhism","Buddhism"
"Mother Meera Society","Other","Other Groups"
"Mountains and Rivers Order (MRO) of Zen Buddhism","Buddhism","Buddhism"
"Mountain Source Sangha","Buddhism","Buddhism"
"Mountain Stream Meditation Center","Buddhism","Buddhism"
"Mountain Union Regular Association","","Baptist"
"Mount Calvary Holy Church in America","Black Protestant","Pentecostal"
"Mount Sinai Holy Church of America, Inc.","Black Protestant","Pentecostal"
"Muridi Sufi Order","Islam","Islam"
"Muslim Brotherhood","Islam","Islam"
"Muslim Estimate","Islam","Islam"
"Nalandabodhi","Buddhism","Buddhism"
"Namgyal Monastery Institute of Buddhist Studies","Buddhism","Buddhism"
"Namo Buddha Seminar","Buddhism","Buddhism"
"National Association of Congregational Christian Churches","Mainline Protestant","Congregationalists (United Church of Christ)"
"National Association of Free Will Baptists","Evangelical Protestant","Baptist"
"National Baptist Convention of America International, Inc.","Black Protestant","Baptist"
"National Baptist Convention, USA, Inc.","Black Protestant","Baptist"
"National Baptist Evangelical Life and Soul Saving Assembly of the U.S.A.","","Baptist"
"National Council of Community Churches","Mainline Protestant","Presbyterian/Reformed"
"National David Spiritual Temple of Christ Church Union (Inc.) U.S.A.","","Pentecostal"
"National Evangelical Lutheran Church (Finnish)","","Lutheran"
"National Fellowship of Brethren Churches","Mainline Protestant","Friends/Brethren"
"National Missionary Baptist Convention of America","Black Protestant","Baptist"
"National Primitive Baptist Convention, USA, Inc.","Black Protestant","Baptist"
"National Spiritual Alliance of the U.S.A.","","Spiritualist"
"National Spiritualist Association of Churches","Other","Spiritualist"
"Nation of Five Percenters","Islam","Islam"
"Nation of Islam","Islam","Islam"
"Nation of Islam (Farrakhan)","Islam","Islam"
"Nationwide Fellowship Mennonite Churches","Evangelical Protestant","Mennonite/Amish"
"Nazarene Christian Congregation (Side A or B)","Evangelical Protestant","Froehlich Churches"
"Nebraska Yearly Meeting of Friends","","Friends/Brethren"
"Nechung Dorje Drayang Ling","Buddhism","Buddhism"
"Negro Missions of the Synodical Conference","","Lutheran"
"Netherlands Reformed Congregations","Evangelical Protestant","Presbyterian/Reformed"
"New Apostolic Church USA","Other Christians","Other Groups"
"New Congregational Methodist Church","","Methodist"
"New Hope Baptist Association","Evangelical Protestant","Baptist"
"New Kadampa Tradition (NKT)","Buddhism","Buddhism"
"New Testament Association of Independent Baptist Churches","Evangelical Protestant","Baptist"
"New Testament Association of Independent Baptist Churches and other Fundamental Baptists","Evangelical Protestant","Baptist"
"Ngakpa International","Buddhism","Buddhism"
"Nichiren Shoshu","Buddhism","Buddhism"
"Nichiren Shu","Buddhism","Buddhism"
"Nimatullahi Order of Sufis","Islam","Islam"
"Nipponzan Myohoji","Buddhism","Buddhism"
"Nithyananda Vedic Temples","Hinduism","Hinduism"
"Non-denominational Christian Churches","Evangelical Protestant","Other Groups"
"Non-sectarian Bible Faith Churches","Other","Other Groups"
"North American and Europe Region of the Knanaya Archdiocese of the Syriac Orthodox Church of Antioch","Orthodox","Eastern Liturgical (Orthodox)"
"North American Baptist Association","","Baptist"
"North American Baptist Conference","Evangelical Protestant","Baptist"
"North American Catholic Church","Other","Other Groups"
"North American Christian Convention","","Restorationists"
"North American Lutheran Church","Evangelical Protestant","Lutheran"
"North American Old Roman Catholic Church (Archdiocese of New York)","Catholic","Catholic Liturgical"
"North American Shin Buddhist Association","Buddhism","Buddhism"
"North Carolina Congregational Conference","Black Protestant",""
"Northeastern Mennonite Conference","Evangelical Protestant","Friends/Brethren"
"Northern Baptist Convention","","Baptist"
"Northern New Salem Association of Old Regular Baptists.","Evangelical Protestant","Baptist"
"Northwest Yearly Meeting of Friends Church","","Friends/Brethren"
"Norwegian-Danish Evangelical Free Church Association","Evangelical Protestant","Methodist"
"Norwegian Lutheran Church","","Lutheran"
"Norwegian Synod","","Lutheran"
"Norwegian Synod of the American Evangelical Lutheran Church","","Lutheran"
"Nyingma Institute","Buddhism","Buddhism"
"Ohio Synod","","Lutheran"
"Ohio Yearly Meeting of Friends","","Friends/Brethren"
"Old Apostolic Lutheran Church of America","Evangelical Protestant",""
"Old Brethren (California)","Evangelical Protestant","Friends/Brethren"
"Old Brethren German Baptist","Evangelical Protestant","Friends/Brethren"
"Old Brethren (Goshen)","Evangelical Protestant","Friends/Brethren"
"Old Catholic Archdiocese for the Americas and Europe","Catholic","Catholic Liturgical"
"Old Catholic Church in America","Catholic","Catholic Liturgical"
"Old Catholic Church in North America","Catholic","Catholic Liturgical"
"Old German Baptist Brethren Church","Evangelical Protestant","Friends/Brethren"
"Old German Baptist Brethren Church, New Conference","Evangelical Protestant","Friends/Brethren"
"Old Mennonite Lancaster Conference Church","","Mennonite/Amish"
"""Old"" Missionary Baptists Associations","Evangelical Protestant","Baptist"
"Old Order Amish Mennonite Church","Evangelical Protestant","Mennonite/Amish"
"Old Order German Baptist Church","Evangelical Protestant","Friends/Brethren"
"Old Order Mennonite","Evangelical Protestant","Mennonite/Amish"
"Old Order (Wisler) Mennonite Church","","Mennonite/Amish"
"Old Order Yorker River Brethren","Evangelical Protestant","Friends/Brethren"
"Old Regular Baptists","Evangelical Protestant","Baptist"
"Old Roman Catholic Church (English Rite)","Catholic","Catholic Liturgical"
"Old Wenger Mennonite Church","Evangelical Protestant","Friends/Brethren"
"One Drop Zendo","Buddhism","Buddhism"
"Oneness Movement","Other","Other Groups"
"Open Bible Churches","Evangelical Protestant","Pentecostal"
"Open Bible Evangelistic Association","Evangelical Protestant","Pentecostal"
"Open Gate Sangha (Adyashanti)","Buddhism","Buddhism"
"Orange County Association for Buddhist Practice","Buddhism","Buddhism"
"Order of Buddhist Contemplatives","Buddhism","Buddhism"
"Order of Interbeing","Buddhism","Buddhism"
"Order of the Prairie Wind","Buddhism","Buddhism"
"Ordinary Dharma","Other","Other Groups"
"Ordinary Mind Zen School","Buddhism","Buddhism"
"Oregon Yearly Meeting of the Friends Church","","Friends/Brethren"
"(Original) Church of God","Evangelical Protestant","Pentecostal"
"Original Shree Swaminarayan Sampraday (Ahmedabad)","Hinduism","Hinduism"
"Original Virginia Conference Old Order Mennonite","Evangelical Protestant","Mennonite/Amish"
"Orthodox Anglican Church","Mainline Protestant",""
"Orthodox Church in America, The","Orthodox","Eastern Liturgical (Orthodox)"
"Orthodox Friends","","Friends/Brethren"
"Orthodox Judaism","Judaism","Judaism"
"Orthodox Lutheran Confessional Conference","Evangelical Protestant",""
"Orthodox Mennonite Church","Evangelical Protestant","Mennonite/Amish"
"Orthodox Old Roman Catholic Communion","Catholic","Other Groups"
"Orthodox Presbyterian Church","Evangelical Protestant","Presbyterian/Reformed"
"Osho International","Other","Other Groups"
"Pacific Yearly Meeting of Friends","","Friends/Brethren"
"Pacific Zen Institute","Buddhism","Buddhism"
"Padmasambhava Buddhist Centers","Buddhism","Buddhism"
"Palpung Karma Kagyu Lineage","Buddhism","Buddhism"
"Palyul Ling International","Buddhism","Buddhism"
"Particular Regular Baptists","","Baptist"
"Pastoral Bible Institute","","Adventist"
"Patriarchal Parishes of the Russian Orthodox Church in the U.S.A.","Orthodox","Eastern Liturgical (Orthodox)"
"Pentecostal Assemblies of Jesus Christ Inc.","Evangelical Protestant","Pentecostal"
"Pentecostal Assemblies of the World","Black Protestant","Pentecostal"
"Pentecostal Churches of the Apostolic Faith International, Inc.","Black Protestant","Pentecostal"
"Pentecostal Church, Inc.","","Pentecostal"
"Pentecostal Church of Christ","Evangelical Protestant","Pentecostal"
"Pentecostal Church of God","Evangelical Protestant","Pentecostal"
"Pentecostal Church of the Nazarene","","Holiness"
"Pentecostal Evangelical Church of God, National and International","","Pentecostal"
"Pentecostal Fire-Baptized Holiness Church","Evangelical Protestant","Pentecostal"
"Pentecostal Free Will Baptist Church, Inc.","Evangelical Protestant","Pentecostal"
"Pentecostal Holiness Church","","Pentecostal"
"Pentecostal Ministerial Alliance","","Pentecostal"
"Philadelphia Baptist Association","","Baptist"
"Philadelphia Church of God","","Adventist"
"Philadelphia Yearly Meeting of the Religious Society of Friends","","Friends/Brethren"
"Phoenix Buddhist Network","Buddhism","Buddhism"
"Pilgrim Holiness Church","","Holiness"
"Pilgrim Mennonite Conference","Evangelical Protestant","Mennonite/Amish"
"Pillar of Fire","Evangelical Protestant","Holiness"
"Pleasant View Old Order (Virginia) Mennonite Conference","Evangelical Protestant","Mennonite/Amish"
"Polish National Catholic Church of America","Catholic","Catholic Liturgical"
"Prabhupada Sankirtan Society","Hinduism","Hinduism"
"Pranayama Institute","Other","Other Groups"
"Prana Yoga Centres International","Hinduism","Hinduism"
"Presbyterian Church in America","Evangelical Protestant","Presbyterian/Reformed"
"Presbyterian Church in the United States","","Presbyterian/Reformed"
"Presbyterian Church in the U.S.A.","","Presbyterian/Reformed"
"Presbyterian Church (U.S.A.)","Mainline Protestant","Presbyterian/Reformed"
"Presbyterian Reformed Church","Evangelical Protestant","Presbyterian/Reformed"
"Primitive Advent Christian Church","Evangelical Protestant","Adventist"
"Primitive Baptists","Evangelical Protestant","Baptist"
"Primitive Baptists Associations","Evangelical Protestant","Baptist"
"Primitive Baptists, Eastern District Association of","Evangelical Protestant","Baptist"
"Primitive Colored Baptist Church","","Baptist"
"Primitive Friends","","Friends/Brethren"
"Primitive Methodist Church in the U.S.A.","Evangelical Protestant","Methodist"
"Progressive National Baptist Convention, Inc.","Black Protestant","Baptist"
"Progressive Primitive Baptists","Evangelical Protestant","Baptist"
"Progressive Spiritual Church","","Spiritualist"
"Protes'tant Conference, The","Evangelical Protestant","Lutheran"
"Protestant Reformed Churches in America","Evangelical Protestant","Presbyterian/Reformed"
"Pushti Margiya Vaishnav Samaj","Hinduism","Hinduism"
"Qadiri Sufi Order","Islam","Islam"
"Rabbinical Council","Judaism","Judaism"
"Real Dharma","Buddhism","Buddhism"
"Reconstructionist Judaism","Judaism","Judaism"
"Reformed Baptist Church","Evangelical Protestant","Baptist"
"Reformed Baptist Network","Evangelical Protestant",""
"Reformed Bible Church","Evangelical Protestant",""
"Reformed Catholic Church","Catholic","Catholic Liturgical"
"Reformed Catholic Church (Utrecht Confession), Province of North America","Other","Other Groups"
"Reformed Churches of God in Christ International","Black Protestant","Pentecostal"
"Reformed Church in America","Mainline Protestant","Presbyterian/Reformed"
"Reformed Church in the United States","Evangelical Protestant","Presbyterian/Reformed"
"Reformed Congregations of North America","Evangelical Protestant",""
"Reformed Episcopal Church","Evangelical Protestant","Anglican/Episcopal"
"Reformed Mennonite Church","Evangelical Protestant","Mennonite/Amish"
"Reformed Methodist Church","","Holiness"
"Reformed Methodist Union Episcopal Church","","Methodist"
"Reformed New Congregational Methodist Church","","Methodist"
"Reformed Presbyterian Church, Evangelical Synod","","Presbyterian/Reformed"
"Reformed Presbyterian Church General Assembly","Evangelical Protestant","Presbyterian/Reformed"
"Reformed Presbyterian Church Hanover Presbytery","Evangelical Protestant","Presbyterian/Reformed"
"Reformed Presbyterian Church in North America, General Synod","","Presbyterian/Reformed"
"Reformed Presbyterian Church in the United States","Evangelical Protestant","Presbyterian/Reformed"
"Reformed Presbyterian Church of North America (Covenanters)","Evangelical Protestant","Presbyterian/Reformed"
"Reformed Presbyterian Synod","","Presbyterian/Reformed"
"Reformed Presbytery","","Presbyterian/Reformed"
"Reformed Zion Union Apostolic Church","Black Protestant","Methodist"
"Reform Judaism","Judaism","Judaism"
"Regular Baptists","Evangelical Protestant","Baptist"
"Reidenbach Mennonite","Evangelical Protestant","Mennonite/Amish"
"Reiyukai","Buddhism","Buddhism"
"Reiyukai America","Buddhism","Buddhism"
"Religious Society of Friends (Conservative)","","Friends/Brethren"
"Religious Society of Friends (Kansas Yearly Meeting)","","Friends/Brethren"
"Religious Society of Friends (Mid-America Yearly Meeting)","","Friends/Brethren"
"Religious Society of Friends (Philadelphia and its Vicinity, for the Relief of Colored Freedmen)","","Friends/Brethren"
"Religious Society of Friends (Unaffiliated Meetings)","","Friends/Brethren"
"Remnant: Charity Ministries and related","Evangelical Protestant","Mennonite/Amish"
"Reorganized Church of Jesus Christ of Latter-Day Saints","Other","Latter-day Saints (Mormonism)"
"Restoration Branches Movement","Other","Latter-day Saints (Mormonism)"
"Restoration Church of Jesus Christ of Latter-day Saints","Other","Latter-day Saints (Mormonism)"
"Rhema","Evangelical Protestant","Pentecostal"
"Rigpa Fellowship","Other","Other Groups"
"Rigpe Dorje Foundation","Other","Other Groups"
"Rime Buddhist Center","Buddhism","Buddhism"
"Rimé Foundation","Buddhism","Buddhism"
"Rinzai-Ji, Inc.","Buddhism","Buddhism"
"Rissho Kosei Kai","Buddhism","Buddhism"
"Riverdale Old Order (Virginia) Mennonite Conference","Evangelical Protestant","Mennonite/Amish"
"Rochester Zen Center","Buddhism","Buddhism"
"Rocks and Clouds Zendo","Buddhism","Buddhism"
"Rocky Mountain Yearly Meeting of the Friends Church","","Friends/Brethren"
"Romanian Orthodox Episcopate of America (Diocese of the Orthodox Church in America)","Orthodox","Eastern Liturgical (Orthodox)"
"Romanian Orthodox Metropolia of the Americas","Orthodox","Eastern Liturgical (Orthodox)"
"Rosicrucian Fellowship","Other","Other Groups"
"Russian Orthodox Church Outside of Russia, The","Orthodox","Eastern Liturgical (Orthodox)"
"Russian Orthodox Greek Catholic Church of America","Orthodox","Eastern Liturgical (Orthodox)"
"Ryumonji Zen Monastery","Buddhism","Buddhism"
"Sacha Dham Ashram","Other","Other Groups"
"Saddhamma Foundation","Buddhism","Buddhism"
"Sadhana Ashram","Other","Other Groups"
"Sadhu Vaswami Mission","Other","Other Groups"
"Sae Taw Win II Dhamma Foundation","Buddhism","Buddhism"
"Sahaja Yoga, World Council for the Advancement of (WCASY)","Other","Other Groups"
"Sai Baba of Shirdi Temple","Other","Other Groups"
"Saiva Siddhanta Church","Hinduism","Hinduism"
"Sakya Monastery of Tibetan Buddhism","Buddhism","Buddhism"
"Salafism","Islam","Islam"
"Salvation Army","Evangelical Protestant","Holiness"
"Sanbo Kyodan (Japan)","Buddhism","Buddhism"
"San Francisco Zen Center","Buddhism","Buddhism"
"Sangha of Master Kosen","Buddhism","Buddhism"
"Sant Shri Asarmaji Ashram","Other","Other Groups"
"Sardis Association of Old Regular Baptists.","Evangelical Protestant","Baptist"
"Satmar Hassidism","Judaism","Judaism"
"Satsang with Robert","Other","Other Groups"
"Satsang with Stuart","Other","Other Groups"
"Satyananda Ashram/Institute of Holistic Yoga","Other","Other Groups"
"Scandanavian Augustana Synod","","Lutheran"
"Schmiedeleut Hutterite Group 1","Evangelical Protestant","Communal"
"Schmiedeleut Hutterite Group 2","Evangelical Protestant","Communal"
"Schwenkfelder Church in America","Evangelical Protestant","Other Groups"
"Science of Identity Foundation","Hinduism","Hinduism"
"Scottish Covenanter Presbyterians","","Presbyterian/Reformed"
"Self Enquiry Life Fellowship","Other","Other Groups"
"Self-Realization Fellowship","Hinduism","Hinduism"
"Self-Revelation Chapter of Absolute Monism/Mahatma Gandhi Memorial Foundation","Hinduism","Hinduism"
"Separate Baptists in Christ","Evangelical Protestant","Baptist"
"Serbian Metropolitanate of New Gracanica","Orthodox","Eastern Liturgical (Orthodox)"
"Serbian Orthodox Church in North and South America","Orthodox","Eastern Liturgical (Orthodox)"
"Seventh-day Adventist Church","Evangelical Protestant","Adventist"
"Seventh-day Adventist Reform Movement","","Adventist"
"Seventh Day Baptist General Conference of the United States and Canada","Evangelical Protestant","Baptist"
"Seventh-Day Baptists","","Baptist"
"Seventh Day Baptists (German)","","Baptist"
"Shadhili Sufi Order","Islam","Islam"
"Shambhala International","Buddhism","Buddhism"
"Shanti Mandir","Hinduism","Hinduism"
"Shanti Yoga Institute and Yoga Retreat","Other","Other Groups"
"Shaolin Temple","Other","Other Groups"
"Shingon Mission of Hawaii","Buddhism","Buddhism"
"Shingon Mission USA","Buddhism","Buddhism"
"Shinjinkai: The Japanese Martial Arts Society","Buddhism","Buddhism"
"Shinnyo-En","Buddhism","Buddhism"
"Shinshu Kyokai Mission of Hawaii","Buddhism","Buddhism"
"Shinto","Other","Other Groups"
"Shree RamKibir Bhakta Samaj of USA","Other","Other Groups"
"Shree Swaminarayan Agyna - Upasana Satsang Mandal","Hinduism","Hinduism"
"Shree Swaminarayan Gurukul, Rajkot, USA","Hinduism","Hinduism"
"Shree Swaminarayan Sidhhant Sajivan Mandal","Hinduism","Hinduism"
"Shree Swaminarayan Vadtal Gadi","Hinduism","Hinduism"
"Shri Krishna Pranami Association of U.S.A. and Canada","Hinduism","Hinduism"
"Shri Ram Chandra Mission","Other","Other Groups"
"Shri Shivabalayogi International Maharaj Trust","Other","Other Groups"
"Shri Surya Narayan Mandir","Hinduism","Hinduism"
"Sivananda Yoga Vedanta","Hinduism","Hinduism"
"Slovak Evangelical Lutheran Synod of the United States of America","","Lutheran"
"Slovak Zion Synod","","Lutheran"
"Social Brethren","Other","Other Groups"
"Society for Humanistic Judaism","Judaism","Judaism"
"Society of Abidance in Truth","Hinduism","Hinduism"
"Soka Gakkai","Buddhism","Buddhism"
"Soka Gakkai International–USA (SGI–USA)","Buddhism","Buddhism"
"Solid Rock Association of Old Time Baptists.","Evangelical Protestant","Baptist"
"Sonoma Mountain Zen Center","Buddhism","Buddhism"
"Soto Mission (United States)","Buddhism","Buddhism"
"Sought Out Church of God in Christ","Black Protestant","Pentecostal"
"Source School of Tantra Yoga","Other","Other Groups"
"South Atlantic Mennonite Conference","Evangelical Protestant","Friends/Brethren"
"Southeastern Mennonite Conference","Evangelical Protestant","Mennonite/Amish"
"Southern Baptist Convention","Evangelical Protestant","Baptist"
"Southern Illinois Christian Conference","Evangelical Protestant",""
"Southern Methodist Church","Evangelical Protestant","Methodist"
"Southwide Baptist Fellowship","Evangelical Protestant","Baptist"
"Sovereign Grace Churches","Evangelical Protestant","Baptist"
"Spirit Rock Insight Meditation Center","Other","Other Groups"
"Spiritual Realization Institute","Other","Other Groups"
"Springwater Center","Buddhism","Buddhism"
"Sravasti Abbey","Buddhism","Buddhism"
"Sree Rama Dasa Mission","Other","Other Groups"
"Sri Chaitanya Sanga","Hinduism","Hinduism"
"Sri Chaitanya Saraswati Mandal","Hinduism","Hinduism"
"Sri Chinmoy Centre","Other","Other Groups"
"Sri Lanka Sangha Council of North America","Buddhism","Buddhism"
"Sri Mathrudevi Vishwashanthi Ashram Trust","Other","Other Groups"
"Sri Premananda Centers","Other","Other Groups"
"SRV Associations of Oregon, San Francisco, and Hawaii","Hinduism","Hinduism"
"Stauffer Mennonite Church","Evangelical Protestant","Mennonite/Amish"
"Stauffer Mennonite (independent groups)","Evangelical Protestant","Mennonite/Amish"
"Strict Baptists","Evangelical Protestant","Baptist"
"Sufi Order International","Islam","Islam"
"Swaminarayan Mandir Vasna Sanstha","Hinduism","Hinduism"
"Swedenborgian Church","Other Christians","Spiritualist"
"Swedish Evangelical Free Church","Evangelical Protestant","Methodist"
"SYDA Foundation/Shree Muktananda Ashram","Hinduism","Hinduism"
"Synod of Evangelical Lutheran Churches","","Lutheran"
"Syriac-Greek Antiochian Orthodox Catholic Church","Orthodox","Eastern Liturgical (Orthodox)"
"Syrian (Syriac) Orthodox Church of Antioch","Orthodox","Eastern Liturgical (Orthodox)"
"Tampico Amish Mennonite","Evangelical Protestant","Mennonite/Amish"
"Tao","Other","Other Groups"
"Tara Mandala","Buddhism","Buddhism"
"Temple of Kriya Yoga","Hinduism","Hinduism"
"Temple Society","","Communal"
"Tendai-shu","Buddhism","Buddhism"
"Tergar International","Buddhism","Buddhism"
"Texas Buddhist Association","Other","Other Groups"
"Texas Synod","","Lutheran"
"Thai Buddhism-Dhammakaya","Buddhism","Buddhism"
"Thai Buddhism-Dhammayutti Nikaya","Buddhism","Buddhism"
"Thai Buddhism--Maha Nikaya","Buddhism","Buddhism"
"The Church of God","Evangelical Protestant",""
"The Local Churches","Evangelical Protestant",""
"The Movement Center","Hinduism","Hinduism"
"Theosophical Society in America","Other","Other Groups"
"Theosophists, Independent Society of New York","Other","Other Groups"
"The Sambodh Society, Inc.","Hinduism","Hinduism"
"Three Treasures Zen Community","Buddhism","Buddhism"
"Thubten Dhargye Ling","Buddhism","Buddhism"
"Tibetan Buddhist Learning Center","Buddhism","Buddhism"
"Tibetan Center for Compassion and Wisdom","Buddhism","Buddhism"
"Tibetan Mongolian Buddhist Cultural Center","Buddhism","Buddhism"
"Tijaniyya Sufi Order","Islam","Islam"
"Todaiji Hawaii Bekkaku Honzan","Buddhism","Buddhism"
"Trans World Buddhist Association","Buddhism","Buddhism"
"Triratna Buddhist Community","Buddhism","Buddhism"
"Triumph the Church and Kingdom of God in Christ","","Holiness"
"Truc Lam Bamboo Forest Zen","Buddhism","Buddhism"
"True Buddha School","Other","Other Groups"
"True Orthodox Church of Greece (Holy Synod in Resistance): American Exarchate","Orthodox","Eastern Liturgical (Orthodox)"
"Truevine Baptists Association","Evangelical Protestant","Baptist"
"Truth Consciousness/Sacred Mountain Ashram/Jyoti Mandir","Other","Other Groups"
"Turkish Orthodox Church in America","Orthodox","Eastern Liturgical (Orthodox)"
"Twelve Tribes","Evangelical Protestant",""
"Two-Seed-in-the-Spirit Predestinarian Baptists","Evangelical Protestant","Baptist"
"Udumbara Zen Center","Buddhism","Buddhism"
"Ukrainian Orthodox Church of America","Orthodox","Eastern Liturgical (Orthodox)"
"Ukrainian Orthodox Church of the U.S.A.","Orthodox","Eastern Liturgical (Orthodox)"
"Unaffiliated Amish-Mennonite (Conservative)","Evangelical Protestant","Mennonite/Amish"
"Unaffiliated Amish-Mennonite (Spring Garden network)","Evangelical Protestant","Mennonite/Amish"
"Unaffiliated Conservative Mennonite","Evangelical Protestant","Mennonite/Amish"
"Unaffiliated Conservative Mennonite (Grandview fellowship)","Evangelical Protestant","Mennonite/Amish"
"Unaffiliated Friends Meetings","Mainline Protestant","Friends/Brethren"
"Unaffiliated Mennonite (Wisler Christian Fellowship)","Evangelical Protestant","Mennonite/Amish"
"Unfettered Mind","Buddhism","Buddhism"
"Unification Church","Other","Other Groups"
"Union American Methodist Episcopal Church","Black Protestant","Methodist"
"Union Church of Africans","","Methodist"
"Union of American Hebrew Congregations","Judaism","Judaism"
"Union of Messianic Jewish Congregations","Other Christians","Other Groups"
"Union of Orthodox Rabbis of the United States and Canada","Judaism","Judaism"
"Unitarian Universalist Association","Other Christians","Liberal"
"United American Free Will Baptist Church General Conference","","Baptist"
"United American Free Will Baptist Denomination, Inc.","Black Protestant","Baptist"
"United Baptists","Evangelical Protestant","Baptist"
"United Brethren in Christ","","Methodist"
"United Catholic Church","Catholic","Other Groups"
"United Christian Church","Evangelical Protestant","Methodist"
"United Church of Christ","Mainline Protestant","Congregationalists (United Church of Christ)"
"United Church of God","Other Christians","Adventist"
"United Church of God in Christ","Black Protestant","Pentecostal"
"United Church of the Living God, the Pillar and Ground of Truth","Black Protestant","Pentecostal"
"United Covenant Churches of Christ","","Pentecostal"
"United Danish Evangelical Lutheran Church","","Lutheran"
"United Episcopal Church of North America","Mainline Protestant",""
"United Evangelical Lutheran Church","","Lutheran"
"United Holy Church of America","Black Protestant","Pentecostal"
"United House of Prayer","Black Protestant",""
"United House of Prayer for All People","","Pentecostal"
"United Lutheran Church in America","","Lutheran"
"United Lutheran Church of America (Norwegian)","","Lutheran"
"United Methodist Church","Mainline Protestant","Methodist"
"United Missionary Church","","Holiness"
"United Pentecostal Churches of Christ","","Pentecostal"
"United Pentecostal Church International","Evangelical Protestant","Pentecostal"
"United Pentecostal Council of the Assemblies of God","Evangelical Protestant","Pentecostal"
"United Presbyterian Church in the U.S.A.","","Presbyterian/Reformed"
"United Presbyterian Church of North America","","Presbyterian/Reformed"
"United Reformed Churches in North America","Evangelical Protestant","Presbyterian/Reformed"
"United Seventh-Day Brethren","","Adventist"
"United Society of Believers (Shakers)","","Communal"
"United Synagogue of America","Judaism","Judaism"
"United Synod South","","Lutheran"
"United Trungram Buddhist Fellowship","Buddhism","Buddhism"
"United Wesleyan Methodist Church of America","","Methodist"
"United Zion Church","Evangelical Protestant","Friends/Brethren"
"Unity Churches, Association of","Other Christians","Other Groups"
"Unity of the Brethren","Evangelical Protestant","Methodist"
"Universal Christian Spiritual Faith and Churches for All Nations","","Pentecostal"
"Universal Fellowship of Metropolitan Community Churches","Mainline Protestant","Other Groups"
"Universalist Church in America","","Liberal"
"USA Devanand Yoga Center","Hinduism","Hinduism"
"U.S.A. Shaolin Temple","Buddhism","Buddhism"
"Vairotsana Foundation","Other","Other Groups"
"Vajrakilaya Centers of North America","Buddhism","Buddhism"
"Vajrayana Foundation","Other","Other Groups"
"Valley Zendo","Other","Other Groups"
"Vanguard Presbytery","Evangelical Protestant",""
"Vedanta Center","Hinduism","Hinduism"
"Vedanta Centre","Hinduism","Hinduism"
"Vedanta Societies (Vivekananda)","Hinduism","Hinduism"
"Vedanta Society","Other","Other Groups"
"Vedantic Center","Other","Other Groups"
"Veerashaiva Samaja of North America","Hinduism","Hinduism"
"Venture Church Network","Evangelical Protestant","Baptist"
"Vicariate for the Palestinian and Jordanian Orthodox Christian Communities in America","Orthodox","Eastern Liturgical (Orthodox)"
"Vietnamese Buddhism","Buddhism","Buddhism"
"Vipassana Meditation Centers","Buddhism","Buddhism"
"Vishwa Dharma Mandalam","Hinduism","Hinduism"
"Volunteers of America","","Holiness"
"Vrindavan Institute for Vaisnava Culture and Studies","Hinduism","Hinduism"
"Wahabbism","Islam","Islam"
"Washington-Franklin Mennonite Conference","Evangelical Protestant","Mennonite/Amish"
"Wayne Trail Missionary Baptist Association","Evangelical Protestant","Baptist"
"Way of the Cross Church of Christ","Black Protestant","Pentecostal"
"Weaverland Mennonite Conference","Evangelical Protestant","Mennonite/Amish"
"Wesleyan Church","Evangelical Protestant","Holiness"
"Wesleyan Holiness Association of Churches","","Holiness"
"Wesleyan Methodist Church of America","","Holiness"
"Western Conservative Mennonite Fellowship","Evangelical Protestant","Mennonite/Amish"
"Western Orthodox Christian Church","Orthodox","Eastern Liturgical (Orthodox)"
"Westminster Evangelical Presbyterian Church","Evangelical Protestant","Presbyterian/Reformed"
"Wisconsin Evangelical Lutheran Synod","Evangelical Protestant","Lutheran"
"Wisdom Path","Other","Other Groups"
"Wisler Mennonite Conference (Ohio)","Evangelical Protestant","Mennonite/Amish"
"Wisler Mennonite Conference (Ohio-Indiana)","Evangelical Protestant","Mennonite/Amish"
"Won Buddhism","Buddhism","Buddhism"
"World Agudath Israel","Judaism","Judaism"
"World Confessional Lutheran Association","","Lutheran"
"World Evangelism Fellowship","Evangelical Protestant","Pentecostal"
"Worldwide Church of God","","Adventist"
"World Zen Fellowship","Buddhism","Buddhism"
"Yasodhara Ashram","Other","Other Groups"
"Yeshe Khorlo USA","Buddhism","Buddhism"
"Yeshe Nyingpo (His Holiness Shenphen Dawa Rinpoche)","Other","Other Groups"
"Yeshe Nyingpo (Venerable Gyatrul Rinpoche)","Other","Other Groups"
"Yin Shun Foundation/Bodhi Monastery","Buddhism","Buddhism"
"Yoga in Daily Life, American Association of","Other","Other Groups"
"Yoga Research Foundation","Other","Other Groups"
"Yogi Divine Society (Illinois)","Hinduism","Hinduism"
"Yogi Divine Society (New Jersey)","Hinduism","Hinduism"
"Yogi Tsoru Dechen Rinpoche Foundation","Buddhism","Buddhism"
"Yongey Buddhist Center","Buddhism","Buddhism"
"Young Israel","Judaism","Judaism"
"Yun Lin Temple","Buddhism","Buddhism"
"Zen Buddhist Order of Hsu Yun (ZBOHY)","Buddhism","Buddhism"
"Zen Buddhist Temple of Chicago","Buddhism","Buddhism"
"Zen Center of Los Angeles","Buddhism","Buddhism"
"Zen Community of Baltimore","Buddhism","Buddhism"
"Zen Com. of NY","Buddhism","Buddhism"
"Zen Life & Meditation Center of Chicago","Buddhism","Buddhism"
"Zen Mission Society","Buddhism","Buddhism"
"Zen Peacemakers","Buddhism","Buddhism"
"Zen Studies Society","Buddhism","Buddhism"
"Zion Union Apostolic Church","","Methodist"

